{
    "loss": 0.5243279933929443,
    "accuracy": 0.8879310488700867
}